No.,Station Id,Avg. Test Fees,Station Name,Address,City,ZIP,Phone Number,Price,Tax,On the Spot Registration,Registration/Sticker Fee,Service Type,Detailed Information
1,2,$25,KEN GARFF MERCEDES BENZ,575 SOUTH STATE,SALT LAKE CITY,84111,855-780-1053,25,0,Na,Na,TestAndRepair,Na
2,24,$39,OLYMPUS HILLS SINCLAIR,3905 SOUTH WASATCH BLVD,SALT LAKE CITY,84124,801- 272-2081,39,0,Na,Na,TestAndRepair,Na
3,28,$31,UNION SERVICE,997 EAST 7220 SOUTH,MIDVALE,84047,801-255-4122,Na,Na,Na,Na,Na,Na
4,38,$30,LARRY H. MILLER TOYOTA,5650 S STATE ST,MURRAY,84107,801-264-3850,30,0,Yes,5,TestAndRepair,Na
5,46,$35,QUALITY TIRE CO.,1335 WEST 2100 SOUTH,SALT LAKE CITY,84119,801-972-1944,Na,Na,Na,Na,Na,Na
6,58,$25,RIVERTON CHEVROLET,11100 S JORDAN GTWY,SOUTH JORDAN,84095,801- 938-7683,25,0,No,Na,TestAndRepair,Na
7,64,$35,NEIL'S PRO SERVICE,1204 WEST 600 NORTH,SALT LAKE CITY,84116,385- 489-0499,35,0,No,Na,TestAndRepair,Na
8,69,$48,PERFORMANCE PLACE INC.,10246 SOUTH 1700 WEST,SOUTH JORDAN,84095,801- 254-0715,40,0,No,Na,TestAndRepair,Na
9,70,$35,DENNYS AUTO,11999 SOUTH REDWOOD RD,RIVERTON,84065,801- 254-6554,35,0,No,Na,TestAndRepair,Na
10,73,$37,THE LITTLE GARAGE,1161 SOUTH 300 WEST,SALT LAKE CITY,84101,801- 466-1161,40,0,No,Na,TestAndRepair,Na
11,96,$27,NATE WADE SUBARU,1207 SOUTH MAIN ST.,SALT LAKE CITY,84111,888-654-7340,25,0,No,Na,TestAndRepair,Na
12,107,$25,LARRY'S CAR CARE,2965 S 3600 W,WEST VALLEY,84119,801- 973-4007,25,0,Yes,10,TestAndRepair,Na
13,109,$33,GINES AUTO SERVICE INC,4261 WEST 5415 SOUTH,KEARNS,84118,801- 966-6021,30,2.89,No,Na,TestAndRepair,Na
14,130,$43,PARRY'S SERVICE,14250 SO. 1700 WEST,BLUFFDALE,84065,801-254-9971,35,0,No,Na,TestAndRepair,Additional fees depend on vehicle.
15,133,$25,VARGAS AUTO,3401 S WEST TEMPLE,SALT LAKE CITY,84115,801- 335-9363,25,0,Yes,10,TestAndRepair,Na
16,135,$40,GREASE MONKEY,10352 So. BECKSTEAD LN,SOUTH JORDAN,84095,801- 254-8882,40,0,No,Na,TestAndRepair,Na
17,139,$31,BMW OF MURRAY,4735 So. STATE ST.,MURRAY,84107,844-339-0494,35,0,Yes,0,TestAndRepair,Na
18,140,$35,STEVES AUTOMOTIVE SPECIAL,2809 S 2300 E,SALT LAKE CITY,84109,801- 466-2886,34.95,0,Yes,10,TestAndRepair,Na
19,155,$40,ERV'S AUTOMOTIVE,1041W BULLION ST,MURRAY,84123,801-266-7961,40,0,No,Na,TestAndRepair,Na
20,157,$33,HORNER'S CHEVRON,1688 EAST 1700 SOUTH,SALT LAKE CITY,84105,801- 466-7571,30,0,Yes,8,TestAndRepair,Na
21,158,$40,SLAUGH'S CAR CARE,807 EAST 200 SOUTH,SALT LAKE CITY,84102,801- 532-4954,40,0,Yes,10,TestAndRepair,Na
22,165,$33,CAPITOL MUFFLER,964 SOUTH STATE ST.,SALT LAKE CITY,84111,801- 355-8631,35,0,Yes,10,TestAndRepair,Na
23,174,$28,REED IVERSON REPAIR,3175 SOUTH 300 WEST,SALT LAKE CITY,84115,801- 485-2361,35,0,No,Na,TestAndRepair,Na
24,175,$36,COTTONWOOD GARAGE,2049 EAST 6200 SOUTH,SALT LAKE CITY,84121,801- 278-1432,35,0,No,Na,TestAndRepair,Na
25,191,$35,BUCK'S CAR CLINIC,220 W 9210 So,SANDY,84070,801-566-4222,Na,Na,No,Na,Na,Na
26,200,$30,PAUL'S AUTOMOTIVE,48 EAST 9400 SOUTH,SANDY,84070,801- 255-7472,28,0,Yes,10,TestAndRepair,Na
27,214,$28,THOMAS TIRE CENTER,3555 SOUTH 3600 WEST,WEST VALLEY CITY,84119,801-969-3555,25,0,Yes,10,TestAndRepair,Na
28,221,$33,G.T. AUTOMOTIVE,919 W. BAXTER DR.,SOUTH JORDAN,84095,801- 302-0912,35,0,Yes,9.75,TestAndRepair,Na
29,222,$36,HARRIS AUTO REPAIR,953 So. EDISON (140 E.),SALT LAKE CITY,84111,801-328-8808,35,0,No,Na,TestAndRepair,Na
30,233,$33,LARRY H. MILLER CHEVROLET,5500 SOUTH STATE ST.,MURRAY,84107,801- 264-3200,30,3.4,No,Na,TestAndRepair,Additional fees depend on vehicle.
31,234,$32,JERRY LAMBERT AUTOMOTIVE,398 EAST 3300 SOUTH,SALT LAKE CITY,84115,801- 895-7851,30,0,Yes,10,TestAndRepair,Na
32,240,$37,UPTOWN SERVICE,2276 EAST 2100 SOUTH,SALT LAKE CITY,84109,801- 466-0238,35,0,Yes,10,TestAndRepair,Na
33,246,$62,AUTO-MOTION,8054 SOUTH STATE ST,MIDVALE,84047,801-561-3601,48,0,No,Na,TestAndRepair,Na
34,250,$35,APOSHIAN GARAGE,1450 EAST 3300 SOUTH,SALT LAKE CITY,84106,801- 467-3344,Na,Na,Na,Na,Na,Na
35,264,$35,TERRYS CHEVRON SERVICE,572 WEST 9400 SOUTH,SANDY,84070,801- 561-4661,35,0,No,Na,TestAndRepair,Na
36,304,$36,ENGINUITY AUTOMOTIVE SVCS,5926 STRATLER ST. (380 W.),MURRAY,84107,385- 210-1934,Na,Na,Na,Na,Na,Na
37,339,$35,AIR VIEW SERVICE,1646 So 1100 E,SALT LAKE CITY,84105,801- 484-5807,35,0,Yes,10.76,TestAndRepair,Na
38,362,$35,B & R TIRE,2950 SOUTH 300 WEST,SALT LAKE CITY,84115,801- 487-7859,35,0,No,0,TestAndRepair,Na
39,371,$38,KEARNS AUTO CENTER INC,4219 WEST 5415 SOUTH,KEARNS,84118,801- 964-6273,30,0,Yes,0,TestAndRepair,Na
40,372,$33,PLOWGIAN AUTO REPAIR,1357 EAST 3300 SOUTH,SALT LAKE CITY,84106,801-467-2854,35,0,Yes,0,TestAndRepair,Na
41,383,$33,LARRY H. MILLER CHRYSLER,10905 SOUTH AUTOMALL DR,SANDY,84070,801-336-4676,35,0,No,Na,TestAndRepair,Na
42,389,$39,COLBY'S TIRE,909 W SOUTH TEMPLE,SALT LAKE CITY,84104,801- 596-2427,35,0,No,Na,TestAndRepair,Na
43,426,$34,TIRE WORLD,2627 SOUTH 300 WEST,SALT LAKE CITY,84115,801-487-6261,35,0,No,Na,TestAndRepair,Additional fees depend on vehicle.
44,448,$35,MILLERS FOREIGN CAR,60 E HARVARD AVE,SALT LAKE CITY,84111,801- 364-6792,35,0,No,Na,TestAndRepair,Na
45,456,$41,SPEEDWAY EMISSION,8131 So. REDWOOD RD.,WEST JORDAN,84088,801- 568-2400,35,0,Yes,8,TestAndRepair,Na
46,459,$33,JERRY SEINER BUICK GMC,10487 So. JORDAN GATEWAY (400 W.),SOUTH JORDAN,84095,801- 685-3463,33,0,Yes,7.5,TestAndRepair,Na
47,462,$34,MIKE HALE ACURA,5601 S STATE ST,MURRAY,84107,801--263-0202,33.95,0,Yes,0,TestAndRepair,Na
48,466,$30,PRO REPAIR AND SERVICE,4815 SOUTH 300 WEST,MURRAY,84107,801-268-1401,Na,Na,Na,Na,Na,Na
49,493,$36,PRECISION AUTOMOTIVE,6955 SOUTH 400 WEST,MIDVALE,84047,801- 561-2011,33,0,No,Na,TestAndRepair,Na
50,495,$35,JODY WILKINSON ACURA,1111 So. MAIN ST.,SALT LAKE CITY,84111,385- 202-7039,31,0,Yes,0,TestAndRepair,Na
51,512,$40,MASTER TECH AUTOMOTIVE,1717 SOUTH STATE,SALT LAKE CITY,84115,801- 485-1212,37.66,0,Yes,0,TestAndRepair,Na
52,525,$25,TRI AUTO REPAIR,56 E. FIRECLAY (4295 So.),MURRAY,84107,801-268-9963,Na,Na,Na,Na,Na,Na
53,527,$39,THIRD AVE. CAR CLINIC,3RD AVE. N STREET,SALT LAKE CITY,84103,801-364-0461,Na,Na,Na,Na,Na,Na
54,537,$32,JEFFREY P. DAVIS AUTO,4707 SO COMMERCE DR,MURRAY,84107,801-263-2002,32,0,Yes,7,TestAndRepair,Na
55,546,$35,MASTER MUFFLER,1595 WEST 7800 SOUTH,WEST JORDAN,84088,801-561-0901,35,0,Yes,10,TestAndRepair,Na
56,555,$45,YOUNG BROTHERS,918 E. SOUTH UNION BLVD. (7220 So.),MIDVALE,84047,801-562-1156,Na,Na,Na,Na,Na,Na
57,561,$25,MASTER MUFFLER,9235 SOUTH 700 EAST,SANDY,84070,801-566-0442,35,0,Yes,10.71,TestAndRepair,Na
58,574,$30,BT AUTOMOTIVE #574,7951 So. STATE ST,MIDVALE,84047,801-255-1340,30,0,Yes,0,TestAndRepair,Na
59,580,$36,MARK MILLER SUBARU,3535 SO STATE ST,SALT LAKE CITY,84115,801-268-3734,35,0,Yes,11,TestAndRepair,Na
60,608,$51,TIM DAHLE IMPORTS,4528 SOUTH STATE,MURRAY,84107,801-262-5521,42,0,Yes,10,TestAndRepair,Na
61,613,$36,LANCER AUTOMOTIVE INC.,3687 SOUTH 300 WEST,SALT LAKE CITY,84115,801-268-8863,32,0,Yes,8,TestAndRepair,Na
62,622,$26,KEN GARFF VOLVO/JAG/FIAT,150 E 500 S,SALT LAKE CITY,84111,801-257-3500,25,0,No,Na,TestAndRepair,Additional fees depend on vehicle.
63,648,$30,PURCELL TIRE COMPANY,2910 W. 2100 So.,West Valley,84119,801-974-0300,35,0,No,Na,TestAndRepair,Na
64,650,$26,MARK MILLER TOYOTA,730 SO WEST TEMPLE,SALT LAKE CITY,84101,801-328-2400,35,2.2,Yes,10.9,TestAndRepair,Na
65,658,$41,YOCUM AUTO REPAIR,9326 SOUTH 300 WEST,SANDY,84070,801-255-2062,40,0,Yes,10,TestAndRepair,Na
66,665,$33,MASTER MUFFLER,3865 SOUTH STATE,SALT LAKE CITY,84115,801-262-4676,35,0,Yes,0,TestAndRepair,Na
67,668,$39,LARRY H. MILLER LEXUS,5686 SO STATE ST,MURRAY,84107,801-264-3600,35,0,No,Na,TestAndRepair,Additional fees depend on vehicle.
68,681,$30,SALT LAKE VALLEY GMC,725 WEST 3300 SOUTH,SALT LAKE CITY,84119,801-265-1511,30,0,No,Na,TestAndRepair,Na
69,695,$30,MURRAY CAR CARE CENTER,5815 S STATE ST,MURRAY,84107,801-268-6891,30,0,Yes,10,TestAndRepair,Na
70,715,$35,MASTER MUFFLER,6790 SOUTH STATE,MURRAY,84107,801-255-5051,35,0,Yes,0,TestAndRepair,Na
71,741,$38,HILLSIDE TIRE,10651 SOUTH AUTOMALL DR.,SANDY,84070,801-572-1700,35,0,Yes,10,TestAndRepair,Na
72,746,$36,HILLSIDE TIRE,2255 FT. UNION BLVD. (6910 So.),SALT LAKE CITY,84121,801-944-0051,35,0,Yes,10,TestAndRepair,Na
73,748,$43,TURN KEY SERVICE,4701 SOUTH 300 WEST,MURRAY,84107,801-261-8034,38,0,Yes,0,TestAndRepair,Na
74,753,$32,ADVANCED AUTOMOTIVE,3994 So. 300 W. #1,MURRAY,84107,801-281-3028,25,0,No,Na,TestAndRepair,Additional fees depend on vehicle.
75,775,$40,CRAIG'S SERVICE CENTER,904 So 1300 E,Salt Lake City,84105,801-581-0114,39.5,0,Yes,10,TestAndRepair,Na
76,805,$31,LARRY H. MILLER HONDA,5808 SOUTH STATE,MURRAY,84107,801-268-5599,30,0,No,Na,TestAndRepair,Na
77,808,$30,D. DAHLE MAZDA,4595 SOUTH STATE,MURRAY,84107,801-266-0033,30,0,Yes,7.5,TestAndRepair,Na
78,810,$43,UTAH SAFETY and EMISSIONS,3718 WEST 5400 SOUTH,KEARNS,84118,801-964-6630,35,35,Yes,10,TestAndRepair,Na
79,831,$30,KEN GARFF NISSAN SL,777 S WEST TEMPLE,SALT LAKE CITY,84101,801-933-1930,30,0,No,Na,TestAndRepair,Na
80,832,$32,KEN GARFF WEST VALLEY DODGE,4175 WEST 3500 SOUTH,WEST VALLEY CITY,84120,801-955-7448,30,5,No,Na,TestAndRepair,Na
81,838,$25,NEW DEES AUTOMOTIVE,4062 S STATE ST,MURRAY,84107,801-262-0945,25,0,No,Na,TestAndRepair,Na
82,862,$53,QUICK LUBE,5555 SOUTH 900 EAST,SALT LAKE CITY,84117,801-281-2121,40,0,Yes,0,TestAndRepair,Na
83,863,$19,CU AUTO SALES,4144 S STATE ST,MURRAY,84107,801-263-1001,27,0,Yes,0,TestAndRepair,Na
84,870,$32,"UTAH VALLEY TIRE, INC.",420 SOUTH 500 EAST,SALT LAKE CITY,84102,801-355-8473,32,0,Yes,0,TestAndRepair,Na
85,893,$30,JAKES AUTO AND TRUCK REPAIR,12665 S. MINUTEMAN DR.,DRAPER,84020,801-571-4471,30,0,Yes,10,TestAndRepair,Na
86,895,$26,SUNS AUTO REPAIRS,2448 S CONSTITUTION BLVD,WEST VALLEY CITY,84119,801-974-9173,30,0,Yes,10,TestAndRepair,Na
87,898,$30,BOW TIE AUTO REPAIR,69 W 3400 S0.,SALT LAKE CITY,84115,801-355-7666,Na,Na,Na,Na,Na,Na
88,901,$30,AUTOGRAFF MOTOR WORKS,50 West 700 South,SALT LAKE CITY,84101,801-535-0060,30,0,Yes,9,TestAndRepair,Coupons may apply
89,904,$27,SANDY HIGH TECH AUTOMOTIVE,9217 SOUTH STATE,SANDY,84070,801-566-8171,26.5,0,Yes,6.5,TestAndRepair,Na
90,915,$48,ACTION AUTO,497 E 3900 S,Salt Lake City,84107,801-268-1359,37,0,No,Na,TestAndRepair,Na
91,924,$29,KEN GARFF HONDA,64 E. 900 SO.,SALT LAKE CITY,84111,801-505-9720,Na,Na,Na,Na,Na,Na
92,928,$41,TUNEX OF HUNTER,3549 SOUTH 5600 WEST,WEST VALLEY,84120,801-982-9476,38,,Yes,8.99,TestAndRepair,Na
93,931,$30,ROCKY MOUNTAIN TIRE and SER,6158 SOUTH STATE,MURRAY,84107,801-269-1616,30,0,No,Na,TestAndRepair,Na
94,934,$30,KARL MALONE TOYOTA,11453 S LONE PEAK PKWY,DRAPER,84020,801-810-2073,30,0,No,Na,TestAndRepair,Na
95,935,$30,STOCKTON 12 HONDA,10860 S AUTOMALL DR,SANDY,84070,801-981-4920,30,0,No,Na,TestAndRepair,Na
96,947,$47,AUTO MAGIC,7852 So. OLD BINGHAM HWY.,WEST JORDAN,84088,801-280-6897,35,0,Yes,15,TestAndRepair,Na
97,956,$38,BATEMAN TEXACO,1232 WEST 7000 SOUTH,WEST JORDAN,84084,801-352-2985,35,0,Yes,10,TestOnly ,"they do changes, but no repairs"
98,960,$37,RAPID LUBE,2330 S REDWOOD RD.,WEST VALLEY CITY,84119,801-975-0757,35,0,Na,Na,TestOnly,Na
99,973,$29,JOE'S REPAIR SHOP,390 EAST 1300 SOUTH,SALT LAKE CITY,84115,801-484-2074,30,0,No,Na,TestAndRepair,Na
100,974,$31,EMISSIONS PLUS,1390 EAST 3300 SOUTH,SALT LAKE CITY,84106,801-485-2403,30,0,Yes,10,TestOnly,Na
101,979,$41,IN AND OUT TESTING,4195 SOUTH 500 WEST,MURRAY,84123,801-266-8151,40,0,Yes,10,TestOnly,Na
102,981,$41,JIFFY LUBE NO.1147,1735 WEST 9000 SOUTH,WEST JORDAN,84088,801-566-4075,39,0,No,Na,TestAndRepair ,less than 3hr labor
103,982,$39,JIFFY LUBE NO.967,9045 S 255 W,SANDY,84070,801-562-2035,39,0,Yes,10,TestOnly,Na
104,983,$39,JIFFY LUBE NO.3,9 WEST 3300 SOUTH,SALT LAKE CITY,84115,801-487-9561,39,0,Yes,10,TestAndRepair,Na
105,984,$40,JIFFY LUBE NO.1224,804 EAST 400 SOUTH,SALT LAKE CITY,84102,801-363-6604,39,0,No,Na,TestAndRepair,less than 3hr labor
106,985,$39,JIFFY LUBE NO.1025,5601 S 900 E,MURRAY,84121,801-261-4808,39,0,Yes,10,TestAndRepair,Na
107,986,$44,JIFFY LUBE NO.1163,2350 EAST 4500 SOUTH,SALT LAKE CITY,84117,801-278-4760,39,0,No,Na,TestAndRepair,Na
108,987,$40,JIFFY LUBE NO.1119,2097 SOUTH 1200 EAST,SALT LAKE CITY,84105,801-466-9789,39,0,Yes,10,TestAndRepair ,no engine repair
109,990,$40,JIFFY LUBE NO.2043,6390 HIGHLAND DRIVE,SALT LAKE CITY,84121,801-278-7421,39,0,No,Na,TestAndRepair ,"no engine repair, do some oil changes etc"
110,993,$41,JIFFY LUBE NO.2021,757 W. NORTH TEMPLE,SALT LAKE CITY,84116,801-355-1385,39,0,Yes,10,TestAndRepair,"could do engine repair, but depends"
111,994,$38,JIFFY LUBE NO.2525,1625 W. 12600 So.,RIVERTON,84065,801-446-1315,39,0,Yes,10,TestAndRepair,coupons may apply
112,999,$37,JERRY SEINER CADILLAC,1530 S 500 W,SALT LAKE CITY,84115,385-282-4952,28,Not sure,Yes,7.5,TestAndRepair,Na
113,1001,$40,JIFFY LUBE No.2012,1331 EAST FORT UNION BLVD,SALT LAKE CITY,84121,801-943-4752,39,0,Yes,10,TestAndRepair,less than 4hr labor
114,1008,$28,HAVOLINE EXPRESS LUBE,10207 SOUTH REDWOOD ROAD,SOUTH JORDAN,84095,801-446-2916,25,0,No,Na,TestAndRepair,some repair
115,1009,$32,EMISSIONS PLUS NO.2,4087 WEST 5415 SOUTH,KEARNS,84118,801-964-5911,30,0,Yes,10,TestOnly,Na
116,1012,$38,HILLSIDE TIRE NO.3,12241 S. FACTORY OUTLET DRIVE,DRAPER,84020,801-619-6363,35,0,No,Na,TestAndRepair,Na
117,1017,$35,AUTO ROW EMISSIONS AND INSPECTIONS,9315 S 700 E,SANDY,84070,801-561-5200,35,0,No,Na,TestAndRepair,Na
118,1022,$39,BURT BROS TIRE and SERVICE,9325 SOUTH 1300 EAST,SANDY,84094,801-572-1970,39.5,0,Yes,10,TestAndRepair,Na
119,1028,$40,JIFFY LUBE NO.2715,3444 SOUTH 7200 WEST,MAGNA,84044,801-508-7721,39,0,Yes,10,TestAndRepair,Na
120,1030,$10,LOW BOOK SALES,3371 SOUTH STATE STREET,SALT LAKE CITY,84115,801-922-9168,Na,Na,Na,Na,Na,Na
121,1035,$32,EMISSIONS PLUS NO.3,10585 SOUTH 700 EAST,SANDY,84070,801-495-1601,30,0,Yes,10,TestOnly,Na
122,1039,$40,JIFFY LUBE NO.2018,1577 SOUTH FOOTHILL BLVD.,SALT LAKE CITY,84108,801-583-0290,39,0,Yes,10,TestAndRepair,Na
123,1042,$35,EMISSION TIME,2432 SO STATE ST,SALT LAKE CITY,84115,801-466-5434,35,0,Yes,10,TestAndRepair,Na
124,1047,$33,LARRY H MILLER SUPER FORD,1340 S 500 W,SALT LAKE CITY,84115,801-783-4473,30,0,Yes,10,TestAndRepair for ford,Na
125,1051,$45,KENT MUFFLER AND BRAKE,250 W 9210 S,SANDY,84070,801-816-1600,45,0,Yes,10,TestAndRepair,Na
126,1059,$44,HAVOLINE XPRESS LUBE,5534 W. 3500 S.,WEST VALLEY CITY,84120,801-966-1899,39,0,Yes,10,TestOnly,Na
127,1060,$32,M AND K AUTOMOTIVE,970 W. 1700 S.,SALT LAKE CITY,84104,801-886-1017,30,0,Yes,10,TestAndRepair,Na
128,1061,$30,BIG O TIRES,2830 W 3500 S,WEST VALLEY CITY,84119,801-967-7166,30,0,Yes,10,TestAndRepair,Na
129,1062,$35,CHRISTENSEN TIRE FACTORY,4607 S. 5600 W.,WEST VALLEY CITY,84120,801-840-0772,35,0,No,Na,TestAndRepair,Na
130,1064,$36,BIG O TIRES,2284 E. FT UNION BLVD,SALT LAKE CITY,84121,801-733-4242,35,0,Yes,10,TestAndRepair,Na
131,1071,$33,KN AUTOMOTIVE REPAIR,3447 S WEST TEMPLE,SALT LAKE CITY,84115,801-975-8991,30,0,Yes,10,TestAndRepair,Na
132,1072,$30,MURRAY AUTOMOTIVE,4872 S. 300 W.,MURRAY,84107,801-266-1663,30,0,No,Na,TestAndRepair,Na
133,1073,$32,M&M MOTOR CORPS/WSA,3663 So 300 W,SALT LAKE CITY,84115,801-327-9080,35,0,No,Na,TestAndRepair,Na
134,1075,$30,DIAGNOSTIC AUTOMOTIVE,12650 S. 1830 W.,RIVERTON,84065,801-253-4641,30,0,No,Na,TestAndRepair,Na
135,1076,$29,EL TIGRE MUFFLER and BRAKE,1733 SOUTH MAIN ST,SALT LAKE CITY,84115,801-466-8671,30,0,No,Na,TestAndRepair,Na
136,1077,$33,BRODYS CAR CARE,9245 S. 1300 E.,SANDY,84094,801-523-0055,30,0,Yes,10,TestAndRepair,Na
137,1079,$25,MR MUFFLER,105 W. 2100 S.,SALT LAKE CITY,84115,801-486-0733,25,0,Yes,10,TestAndRepair,Na
138,1081,$26,MICHAEL'S EMISSION,3506 W. 3500 S.,WEST VALLEY CITY,84119,801-967-9169,Na,Na,Na,Na,Na,Na
139,1084,$25,V AND H AUTO REPAIR,3820 S 3600 W,WEST VALLEY CITY,84119,801-840-5551,25,0,No,Na,TestAndRepair,Na
140,1090,$32,MASTER MUFFLER,690 S. MAIN,SALT LAKE CITY,84101,801-305-3049,30,0,No,Na,TestAndRepair,Na
141,1094,$25,JR AUTO REPAIR & BODY SH,5419 So 4015 W,TAYLORSVILLE,84118,801-966-0422,Na,Na,Na,Na,Na,Na
142,1096,$10,TERAFLEX,5680 W DANNON WAY,WEST JORDAN,84081,801-713-3314,33,0,No,Na,TestOnly,first & last thurday of ea ch month only
143,1097,$25,"STEWISH AUTOMOTIVE INC,",2888 E. 3300 So.,SALT LAKE CITY,84109,801-466-0792,Na,Na,Na,Na,Na,Na
144,1099,$33,QUALITY MUFFLER BRAKE,12258 S. 700 E.,DRAPER,84020,801-255-7199,33,0,No,Na,TestAndRepair,Na
145,1105,$34,LABRUM AUTOMOTIVE,3311 W. 12600 S.,RIVERTON,84065,801-302-5935,34,0,No,Na,TestAndRepair,Na
146,1106,$34,EMISSIONS PLUS,5221 W. 3500 So.,WEST VALLEY CITY,84120,801-966-8300,30,0,No,Na,TestOnly,Na
147,1107,$27,FIRESTONE TIRE & SERVICE,2158 W. 12600 S.,RIVERTON,84065,801-948-8544,27.5,0,Yes,10,TestAndRepair,Na
148,1108,$27,FIRESTONE TIRE & SERVICE,253 W. 9000 S.,SANDY,84070,801-308-8653,27.5,0,No,Na,TestAndRepair,Na
149,1109,$28,FIRESTONE TIRE & SERVICE,910 E. 6600 S.,MURRAY,84121,801-207-9496,27.5,0,Yes,10,TestAndRepair,Na
150,1115,$27,FIRESTONE TIRE & SERVICE,9030 SO REDWOOD RD,WEST JORDAN,84088,801-948-9139,27.5,0,Yes,10,TestAndRepair,Na
151,1116,$28,FIRESTONE TIRE & SERVICE,204 E. 300 S.,SALT LAKE CITY,84111,801-363-6741,Na,Na,Na,Na,Na,Na
152,1119,$25,KEARNS TUNEX,5313 So. 4015 W.,KEARNS,84118,801-967-9325,25,0,No,Na,TestAndRepair,Na
153,1120,$35,CENTURY QUALITY No.2,4089 So. 500 W.,MURRAY,84123,801-268-4280,Na,Na,Na,Na,Na,Na
154,1126,$32,SI AUTO REPAIR,3715 S 700 W,SALT LAKE CITY,84119,801-747-3284,25,0,Yes,10,TestAndRepair,Na
155,1128,$30,88 AUTO SERVICE,3847 So. REDWOOD RD,WEST VALLEY,84119,801-975-8088,30,0,No,Na,TestAndRepair,Na
156,1131,$32,HILLSIDE TIRE 4,3282 So. 5600 W.,WEST VALLEY CITY,84120,801-966-7700,35,0,No,Na,TestAndRepair,Na
157,1133,$40,JIFFY LUBE NO.3211,13184 S. 5600 W.,HERRIMAN,84096,801-254-8768,39,0,Yes,10,TestAndRepair,less than 4hr labor
158,1136,$21,CARMAX AUTO,11213 SOUTH JORDAN GATEWAY,SOUTH JORDAN,84095,801-316-2700,Na,Na,Na,Na,Na,Na
159,1137,$41,JIFFY LUBE NO.2319,3302 S 2000 E,SALT LAKE CITY,84109,801-486-0412,39,0,Yes,10,TestAndRepair,less than 4hr labor
160,1142,$30,EMISSIONS NOW,127 E. GORDON LN. (4190 So.),MURRAY,84107,801-261-5492,30,0,No,Na,Test+light repair,Na
161,1143,$33,ADVANCED AUTO REPAIR,3434 S MAIN ST,SALT LAKE CITY,84115,801-897-1254,25,0,No,Na,TestAndRepair,Na
162,1144,$41,BURT BROTHERS,944E 2100S.,SALT LAKE CITY,84106,801-466-7272,39.5,0,No,Na,TestAndRepair,Na
163,1146,$28,MARKOSIAN AUTO,4238 SO REDWOOD RD,TAYLORSVILLE,84123,801-886-1700,35,0,No,Na,TestAndRepair,Na
164,1150,$38,CASTANEDA 9TH WEST AUTO REPAIR,1939 S 900 W,SALT LAKE CITY,84104,801-972-2624,35,0,No,Na,TestAndRepair,Na
165,1154,$32,KEITH'S AUTOMOTIVE,2220 S 300 E,SALT LAKE CITY,84115,801-485-6092,Na,Na,Na,Na,Na,Na
166,1157,$35,QUICK I M AND AUTO REPAIR,3137 S MAIN A,SALT LAKE CITY,84115,801-467-5200,35,0,No,Na,TestAndRepair,Na
167,1161,$35,JT AUTOMOTIVE,2205 S 900 E,SALT LAKE CITY,84106,801-466-3763,35,0,No,Na,TestAndRepair,Na
168,1163,$28,FIRESTONE,4031 S HIGHLAND DR,HOLLADAY,84124,801-948-9142,27.5,0,No,Na,TestAndRepair,Na
169,1165,$21,V AND L AUTO SERVICES,1310 S 900 W,SALT LAKE CITY,84104,801-886-3381,35,0,No,Na,TestAndRepair,Na
170,1166,$39,APEXX EMISSIONS AND LUBE,3460 S 500 W,SALT LAKE CITY,84115,801-979-1249,35,0,No,Na,TestOnly,Na
171,1167,$34,A AND M PERFORMANCE CAR CARE,182 E 4050 S,SALT LAKE CITY,84107,801-262-4593,Na,Na,Na,Na,Na,Na
172,1173,$43,J AND S AUTO SERVICE INC,146 PUEBLO ST,SALT LAKE CITY,84104,801-364-9055,Na,Na,Na,Na,Na,Na
173,1174,$25,ROGER'S BRAKE INC,4221 S STATE ST,MURRAY,84107,801-262-9550,Na,Na,Na,Na,Na,Na
174,1180,$24,BBC EMISSION,4068 S MAIN ST #B,MURRAY,84107,801-747-2819,25,0,No,Na,TestAndRepair,Na
175,1181,$43,BURGA'S AUTO SERVICES,42 E MILLER AVE,SALT LAKE CITY,84115,801-467-3128,Na,Na,Na,Na,Na,Didn't pick up the phone/blocked number
176,1183,$40,JIFFY LUBE NO.2328,1804 E 4800 S,SALT LAKE CITY,84117,801-272-1962,39.99,0,Yes,10,TestOnly,Na
177,1185,$30,JOSHUA EMISSION,258 W LUCY AVE,SALT LAKE CITY,84101,801-363-2607,Na,Na,Na,Na,Na,Didn't pick up the phone/blocked number
178,1186,$27,THE TIRE ZONE,2990 S STATE ST,SALT LAKE CITY,84115,801-264-1087,Na,Na,Na,Na,Na,Didn't pick up the phone/blocked number
179,1187,$40,JIFFY LUBE NO.3252,7867 S AIRPORT RD,WEST JORDAN,84088,801-280-5505,39.99,0,Yes,10,TestAndRepair,Na
180,1189,$43,ALHERZ EMISSION AND REPAIR,4339 W 3500 S,WEST VALLEY CITY,84120,801-969-1417,35,0,Yes,5,TestAndRepair,Na
181,1190,$35,NATIONAL AUTO PLAZA,10790 S STATE ST,SANDY,84070,888-200-6128,35,0,No,Na,TestAndRepair,Na
182,1192,$43,JIFFY LUBE NO.2026,2102 S MAIN ST,SALT LAKE CITY,84115,801-467-1861,39,0,Yes,10,TestAndRepair,Na
183,1197,$23,RC AUTOMOTIVE,4022 SOUTH STATE,MURRAY,84107,801-268-9911,32,0,No,Na,TestAndRepair,Na
184,1198,$33,MASTER MUFFLER KEARNS,4030 W 5415 S,KEARNS,84118,801-657-5000,35,0,No,Na,TestAndRepair,Na
185,1199,$38,FLINN AUTOMOTIVE,156 WEST HAVEN AVE,SALT LAKE CITY,84115,801-335-9945,38,0,No,Na,TestAndRepair,Na
186,1202,$33,EMISSIONS PLUS NO. 6,510 EAST 3900 SOUTH,SALT LAKE CITY,84107,801-265-9089,25,0,Yes,10,TestOnly,Na
187,1205,$32,ACCURACY AUTO SALES,4036 SO MAIN ST,SALT LAKE CITY,84107,801-266-3609,32,0,Yes,Na,TestAndRepair,Registration price included in testing price.
188,1206,$29,A PLUS AUTO CENTER NO 1,945 S GALE ST,SALT LAKE CITY,84101,801-533-0389,Na,Na,Na,Na,Na,Didn't pick up the phone/blocked number
189,1208,$35,EDWARDS FAMILY AUTO,4384 SOUTH 900 EAST,SALT LAKE CITY,84124,801-263-2277,35,0,No,Na,TestAndRepair,Na
190,1210,$40,J & S AUTO SERVICE 2 INC,1433 SO MAIN ST,SALT LAKE CITY,84115,801-467-1477,40,0,No,Na,TestAndRepair,Na
191,1214,$41,JIFFY LUBE NO.3346,13318 S MARKET CENTER DR,RIVERTON,84065,801-676-7528,39,0,Yes,10,TestOnly,Na
192,1215,$40,JIFFY LUBE NO.2036,7805 SO REDWOOD RD,WEST JORDAN,84088,801-562-0442,39,0,Yes,10,TestOnly,Na
193,1216,$41,BURT BROTHERS TIRE & SERV,4712 SO HIGHLAND DR,SALT LAKE CITY,84117,801-278-4446,39.5,0,Yes,10,TestAndRepair,Na
194,1220,$35,UTAH FLEET SERVICES,371 W 1500 S,SALT LAKE CITY,84115,801-972-4433,35,0,No,Na,TestAndRepair,Na
195,1221,$35,YUCOS AUTO REPAIR,3435 S W TEMPLE REAR,SALT LAKE CITY,84115,801-518-9816,Na,Na,Na,Na,Na,Didn't pick up the phone/blocked number
196,1227,$30,J AND T MAGIC AUTO REPAIR,3454 SO WEST TEMPLE,SALT LAKE CITY,84115,801-604-8486,Na,Na,Na,Na,Na,Didn't pick up the phone/blocked number
197,1230,$35,MATSON AUTO AND MARINE,1842 W 12600 S,RIVERTON,84065,801-302-7175,35,0,Yes,10,TestAndRepair,Na
198,1231,$21,B3NJI'S AUTO REPAIR,2747 S REDWOOD RD,WEST VALLEY CITY,84119,801-638-0381,35,0,Yes,15,TestAndRepair,Na
199,1233,$30,DMV EXPRESS,277 W 3300 S,SALT LAKE CITY,84115,801-484-1660,30,0,Yes,10,TestAndRepair,Na
200,1237,$39,HILLSIDE TIRE 5,1888 WEST 7800 SOUTH,WEST JORDAN,84088,801-566-9400,35,0,Yes,Na,TestAndRepair,Sticker price as in DMV
201,1238,$20,EXCEL AUTOMOTIVE,290 EAST 3300 SOUTH,SALT LAKE CITY,84115,801-467-9011,20,0,Yes,12.95,TestAndRepair,Na
202,1240,$35,MARK MILLER SUBARU SOUTH,10920 SO STATE ST,SANDY,84070,888-791-4530,35,0,No,Na,TestAndRepair,Na
203,1245,$27,LUCKY'S AUTO SERVICE CTR,3075 S STATE ST,SALT LAKE CITY,84115,801-924-5828,Na,Na,Na,Na,Na,Didn't pick up the phone/blocked number
204,1247,$26,UNIVERSAL EXHAUST AUTO CARE,402 E 3900 SO,SALT LAKE CITY,84107,801-261-3313,30,0,No,Na,TestAndRepair,Na
205,1248,$26,M AND M SERVICE STATION,4804 S REDWOOD RD,TAYLORSVILLE,84123,801-969-0225,25,0,No,Na,TestOnly,Na
206,1249,$40,J AND S AUTO SERVICE INC,1376 W 1000 N,SALT LAKE CITY,84116,801-355-5573,40,0,Yes,5,TestAndRepair,Na
207,1250,$31,ALTSTART AUTOMOTIVE,1816 S REDWOOD RD #B,SALT LAKE CITY,84104,801-975-0162,35,0,Yes,10,TestAndRepair,Na
208,1251,$43,EMISSIONS PLUS,1608 W 7800 S,WEST JORDAN,84088,801-878-9708,Na,Na,Na,Na,Na,Didn't pick up the phone/blocked number
209,1254,$28,JONES COMPLETE CAR CARE,4752 SO REDWOOD RD,TAYLORSVILLE,84123,801-963-0500,27.5,0,No,Na,TestAndRepair,Na
210,1255,$25,AUTOMOTIVE SOLUTIONS,1321 SOUTH EARL DR,SALT LAKE CITY,84104,801-433-3433,25,0,No,Na,TestAndRepair,Na
211,1258,$26,JAKES QUICK LUBE AND SERVICE,4793 S STATE ST,MURRAY,84107,801-281-1935,Na,Na,Na,Na,Na,Didn't pick up the phone/blocked number
212,1260,$38,MIDAS,4444 SO STATE ST,MURRAY,84107,801-692-3767,38,0,No,Na,TestAndRepair,Na
213,1261,$38,MIDAS,875 E 2100 SO,SALT LAKE CITY,84106,801-487-0825,38,0,No,Na,TestAndRepair,Na
214,1264,$31,BACHMANN AUTO REPAIR,36 W FAYETTE AVE #6,SALT LAKE CITY,84101,801-363-5533,Na,Na,Na,Na,Na,Didn't pick up the phone/blocked number
215,1265,$38,BIG O TIRE,1022 E DRAPER PARKWAY,DRAPER,84020,801-523-9300,35,0,Yes,10,TestAndRepair,Na
216,1266,$43,HIDDEN VALLEY CAR WASH,821 E 12300 S,DRAPER,84020,CLOSED,Na,Na,Na,Na,Na,Na
217,1268,$31,OLD FASHION SERVICE,2221 East 3300 SO,SALT LAKE CITY,84109,801-466-5455,31,0,No,Na,TestAndRepair,Na
218,1269,$29,AUTO REPAIR SANCHEZ,4195 SO 500 W #74,MURRAY,84123,801-347-5033,30,0,No,Na,TestAndRepair,Na
219,1270,$20,D & T AUTO SAVERS,650 E SEGO LILY DR,SANDY,84070,801-553-8808,19.99,0,No,Na,TestAndRepair,Na
220,1272,$22,TRANSMISSION CITY INC,8324 SO 700 E,SANDY,84070,801-565-9990,39.95,0,No,Na,TestAndRepair,Na
221,1274,$26,KHANG'S AUTO REPAIR,4555 SO 300 W A300,MURRAY,84107,801-263-3140,Na,Na,Na,Na,Na,Didn't pick up the phone/blocked number
222,1275,$30,CLARK'S AUTOMOTIVE,506 E 1700 SO,SALT LAKE CITY,84105,801-485-2858,30,0,No,Na,TestAndRepair,Na
223,1276,$35,CHUCK'S SERVICE CENTER,1955 E 2700 SO,SALT LAKE CITY,84106,801-467-4922,Na,Na,Na,Na,Na,Didn't pick up the phone/blocked number
224,1277,$35,GLEN'S AUTO & DIESEL,7709 S ALLEN ST,MIDVALE,84047,801-566-4669,35,0,No,Na,TestAndRepair,Na
225,1278,$30,AUTO PRO INDEPENDENT,903 E 3900 S,SALT LAKE CITY,84124,801-262-9952,30,0,No,Na,TestAndRepair,Na
226,1280,$39,KEARNS BIG O TIRES,3725 W 5400 S,KEARNS,84118,801-964-9935,35,0,No,Na,TestAndRepair,Na
227,1283,$40,JIFFY LUBE No.2010,1028 E DRAPER PKWY,DRAPER,84020,801-576-1961,39,0,Yes,10,TestOnly,Na
228,1284,$41,JIFFY LUBE No.2014,6131 SO COUGAR LN,KEARNS,84118,801-957-1057,39,0,Yes,10,TestOnly,Na
229,1285,$40,JIFFY LUBE No.14,1850 W 4100 SO,WEST VALLEY,84119,801-972-3455,39,0,Yes,10,TestAndRepair,Na
230,1286,$39,JIFFY LUBE No.2008,3796 W 3500 SO,WEST VALLEY,84120,801-969-6457,39,0,Yes,10,TestOnly,Na
231,1288,$33,VOLKSWAGEN SOUTHTOWNE,11000 S FRONTAGE RD,SOUTH JORDAN,84095,801-988-5825,Na,Na,Na,Na,Na,Didn't pick up the phone/blocked number
232,1290,$15,CHUY'S MECHANIC SHOP,4711 SO 300 W,MURRAY,84107,801-706-6136,15,0,Yes,10,TestAndRepair,Na
233,1293,$40,BIG O TIRE,178 E SOUTH TEMPLE,SALT LAKE CITY,84111,801-519-8241,40,0,No,Na,TestAndRepair,Na
234,1295,$36,G & R DIESEL PERF.& REPAI,97 E 12675 S,DRAPER,84020,801-571-0377,33,0,No,Na,TestAndRepair,Na
235,1297,$43,BIG O TIRES,910 S 300 W,SALT LAKE CITY,84101,801-322-1043,45,0,Yes,10,TestAndRepair,Na
236,1299,$33,MET AUTO LLC,62 E GRANITE AVE,SALT LAKE CITY,84115,801-463-1155,35,0,No,Na,TestAndRepair,Na
237,1301,$42,JIFFY LUBE NO. 2013,4949 SO STATE ST,MURRAY,84107,801-263-9066,39,0,Yes,10,TestOnly,Na
238,1302,$34,TEN MINUTE EMISSIONS,4735 W 3500 SO #B,WEST VALLEY,84120,801-966-9122,30,0,Yes,10,TestAndRepair,Na
239,1304,$33,MURDOCK HYUNDAI,4646 SO STATE ST,MURRAY,84107,801-262-6401,33,0,No,Na,TestAndRepair,Na
240,1309,$25,CAPITAL CITY AUTOMOTIVE,3999 SO MAIN ST UNIT S1,MILLCREEK,84107,801-935-9030,Na,Na,Na,Na,Na,Didn't pick up the phone/blocked number
241,1311,$39,JIFFY LUBE NO.2007,10620 S 700 E,SANDY,84070,801-576-9445,39,0,No,Na,TestOnly,Na
242,1312,$39,AMAYA AUTO SERVICES LLC,1806 W 3500 S,WEST VALLEY CITY,84119,801-908-7864,Na,Na,Na,Na,Na,Didn't pick up the phone/blocked number
243,1313,$36,BIG O TIRE,8835 S 700 E,SANDY,84070,801-566-1177,35,0,Yes,10,TestAndRepair,Na
244,1314,$31,KEN GARFF HYUNDAI,717 SO WEST TEMPLE,SALT LAKE CITY,84101,801-257-3200,30,0,No,Na,TestAndRepair,Na
245,1316,$39,JIFFY LUBE No.2039,3936 W 5400 SO,KEARNS,84118,801-967-3011,39,0,Yes,10,TestAndRepair,Na
246,1317,$40,JIFFY LUBE No.2038,677 E 400 SO,SALT LAKE CITY,84102,801-355-7803,39,0,No,Na,TestAndRepair,Na
247,1318,$26,GUATEMEX AUTO REPAIR,2688 SO REDWOOD RD SUITE J,WEST VALLEY,84119,CLOSED,Na,Na,Na,Na,Na,Na
248,1320,$41,GOOD LOOKING DAVES INC,4580 S 300 W,MURRAY,84107,801-266-2229,40,0,No,Na,TestAndRepair,Na
249,1322,$23,QUALITY EMISSION & INSP,3999 SO MAIN ST #N1,SALT LAKE CITY,84107,801-904-2275,25,0,Yes,10,TestAndRepair,Na
250,1325,$35,DWIGHT'S FLEET & AUTO,366 W 6100 S STE 1,MURRAY,84107,801-685-2661,35,0,No,Na,TestAndRepair,Na
251,1327,$31,PEAK PERFORMANCE AUTO 1,2810 S 400 W,SALT LAKE CITY,84115,801-466-8600,32,0,No,Na,TestAndRepair,Na
252,1330,$30,ZURITA'S AUTOMOTIVE LLC,3578 S 1950 W,WEST VALLEY,84119,801-574-9238,30,0,No,Na,TestAndRepair,Na
253,1331,$2,PRESTMAN AUTO,2865 SO STATE ST,SALT LAKE CITY,84115,855-982-9259,30,0,No,Na,TestAndRepair,Na
254,1333,$32,BACK SHOP AUTO,3105 W 3500 S #2,WEST VALLEY CITY,84119,801-613-9102,Na,Na,Na,Na,Na,Didn't pick up the phone/blocked number
255,1334,$31,FABIAN'S EMISSIONS & AUTO,2775 SO MAIN ST #B,SALT LAKE CITY,84115,801-467-2441,Na,Na,Na,Na,Na,Didn't pick up the phone/blocked number
256,1335,$15,STATE RADIATOR,8408 S STATE ST,MIDVALE,84047,801-565-8411,30,0,No,Na,TestAndRepair,Na
257,1337,$40,DW AUTO & TOWING,2690 W 3100 SO,WEST VALLEY,84119,801-973-7048,Na,Na,Na,Na,Na,Didn't pick up the phone/blocked number
258,1338,$20,JS AUTOMOTIVE,260 W 900 SO,SALT LAKE CITY,84101,801-486-8133,Na,Na,Na,Na,Na,Didn't pick up the phone/blocked number
259,1340,$21,MIKES COMPLETE AUTO REPAI,8238 SO STATE ST,MIDVALE,84047,801-567-9300,37.24,0,No,Na,TestAndRepair,Na
260,1342,$23,GENERAL AUTO REPAIR,3426 S 300 W,SALT LAKE CITY,84115,801-484-5598,Na,Na,Na,Na,Na,Didn't pick up the phone/blocked number
261,1343,$28,KARL MALONE MITSUBISHI,10736 SO STATE ST,SANDY,84070,801-890-2190,Na,Na,Na,Na,Na,Didn't pick up the phone/blocked number
262,1344,$25,LAKE CITY AUTO,4020 S WEST TEMPLE,MURRAY,84107,801-262-6888,25,0,Yes,Na,TestAndRepair,Na
263,1345,$28,AFFORDABLE CAR CARE,3385 W 3500 S,WEST VALLEY,84119,801-205-2050,27,3,No,Na,TestAndRepair,Na
264,1348,$42,BIG O TIRES COLEY INC,4745 S STATE ST,MURRAY,84107,801-262-2436,42,3,No,Na,TestAndRepair,Na
265,1349,$30,PRECISION TUNE AUTO CARE,5851 SO STATE ST,MURRAY,84107,801-747-0145,30,0,No,Na,TestAndRepair,Na
266,1353,$37,MCNEILS AUTO,10665 S 700 E,SANDY,84070,801-679-4601,38,0,Yes,Na,TestAndRepair,Na
267,1354,$29,SPEEDY AUTO REPAIR,205 E 3300 SO,SALT LAKE CITY,84115,801-467-8427,28,0,Yes,Na,TestAndRepair,Na
268,1356,$31,RICHINS CAR SERVICE,568 E 12300 SO,DRAPER,84020,801-571-1111,31,0,Yes,Na,TestAndRepair,Na
269,1358,$45,JIFFY LUBE NO.3442,13955 S BANGERTER PKWY,DRAPER,84020,801-553-7051,39,0,No,Na,TestAndRepair,Na
270,1361,$40,JEANNETTE AUTO REPAIR,4091 SO STATE ST BLDG B,SALT LAKE CITY,84107,801-262-2065,25,3,Yes,Na,TestAndRepair,Na
271,1362,$31,LARRY H MILLER USED CAR,10990 SO AUTOMALL DR,SANDY,84070,801-553-5300,30,0,No,Na,TestAndRepair,service rep said county gov sets $30 fee county wide
272,1364,$25,EL NINO EMISSION AND INSP,4319 W 3500 SO,WEST VALLEY,84120,801-505-4740,35,0,No,Na,Na,Na
273,1367,$28,PEP BOYS AUTO NO.794,2160 S 700 E,SALT LAKE CITY,84106,801-487-3334,30,0,No,Na,TestAndRepair,Na
274,1368,$30,PEP BOYS AUTO NO.785,2040 W 3500 SO,SALT LAKE CITY,84119,801-972-5550,30,0,No,Na,TestAndRepair,Na
275,1370,$34,ALEXS AUTOHAUS,7470 SO STATE ST,MIDVALE,84047,801-566-6115,35,0,No,Na,TestAndRepair,Na
276,1374,$33,PYLE WHEEL AND BRAKE SVC,3154 S 300 W,SALT LAKE CITY,84115,801-467-7455,33,0,No,Na,TestAndRepair,Na
277,1375,$46,THE SMOG SHOP AUTO SVCS,836 SO REDWOOD RD,SALT LAKE CITY,84104,801-972-0990,35,0,Yes,Na,TestAndRepair,Na
278,1376,$37,EMISSION TIME,32 E 9000 S,SANDY,84070,801-948-4048,35,0,Yes,Na,TestAndRepair,Na
279,1377,$21,ELITE EMISSIONS,4659 S STATE ST,MURRAY,84107,801-590-9252,25,0,Yes,Na,TestAndRepair,Na
280,1380,$30,CONTRACT AUTO REPAIR,4004 SO WEST TEMPLE,SALT LAKE CITY,84107,801-266-1214,30,0,Yes,Na,TestAndRepair,Na
281,1382,$21,VELOCITY AUTO SALES,12244 S GALENA PARK BLVD,DRAPER,84020,801-639-0300,Na,Na,Na,Na,Na,Na
282,1384,$32,ROCKY'S TIRE PROS,3939 SO STATE ST,MURRAY,84107,801-790-4339,30,0,No,Na,TestAndRepair,rep said emissions test anywhere does not entail tax
283,1386,$32,STRONG VOLKSWAGEN INC,1070 S MAIN ST,SALT LAKE CITY,84101,833-261-4184,30,0,Na,Na,TestAndRepair,Na
284,1387,$21,168 AUTO REPAIR,61 W 2100 SO,SALT LAKE CITY,84115,801-906-8168,20,0,No,Na,TestAndRepair,Na
285,1389,$31,SLV CHRYSLER DODGE JEEP,2309 S STATE STREET,SALT LAKE CITY,84115,801-484-8755,30,0,Na,Na,TestAndRepair,Na
286,1391,$31,FASTLUBE PLUS LLC,1302 SO STATE ST,SALT LAKE CITY,84115,801-899-9645,30,0,Yes,Na,TestAndRepair,Na
287,1395,$44,FABULOUS FREDDYS CAR WASH,1065 E 9400 SO,SANDY,84094,801-523-2969,29.99,0,No,Na,TestAndRepair,Na
288,1405,$11,SINDY AUTO REPAIR,4690 S RIVERSIDE DR,MURRAY,84123,801-759-6540,20,0,No,Na,TestAndRepair,$5 credit card fee
289,1407,$30,PRECISION TUNE,2547 SO STATE ST,SALT LAKE CITY,84115,801-935-4454,30,0,No,Na,TestAndRepair,Na
290,1408,$25,LUCAS AUTO SERVICE & TOWI,3726 SO SECORD ST,SALT LAKE CITY,84115,801-864-1160,25,0,No,Na,TestAndRepair,Na
291,1411,$40,BURT BROTHERS TIRE & SERV,13722 SO REDWOOD RD,RIVERTON,84065,801-253-4422,40,0,Yes,Na,TestAndRepair,Na
292,1413,$37,L AND T AUTO SERVICE,1255 W 400 S,SALT LAKE CITY,84104,801-864-3082,Na,Na,Na,Na,Na,Na
293,1414,$34,VIKING AUTOMOTIVE,6905 S STATE ST,MIDVALE,84047,801-838-8898,35,0,No,Na,TestAndRepair,Na
294,1419,$30,VINCE QUANG'S AUTO,4149 SO MAIN ST SUITE 3,SALT LAKE CITY,84107,801-293-9319,30,0,No,Na,TestAndRepair,Na
295,1420,$34,STEVES AUTOMOTIVE SPECIA,9245 S 700 E,SANDY,84070,801-559-7776,34.95,34.95,Yes,Na,TestAndRepair,Na
296,1422,$30,BIG O TIRES,4546 S 900 E,SALT LAKE CITY,84117,801-262-4626,30,0,No,Na,TestAndRepair,Na
297,1423,$26,VALLEY IMPORTS REPAIR LLC,1301 E MILLER AVE UNIT 12,SALT LAKE CITY,84106,801-906-0931,Na,Na,Na,Na,Na,Na
298,1424,$33,JERRY SEINER KIA,10301 S JORDAN GATEWAY,SOUTH JORDAN,84095,801-495-6800,33,0,Na,Na,TestAndRepair,Na
299,1425,$36,HERZ HIGH TECH,4339 W 3500 S,WEST VALLEY CITY,84120,801-969-1417,36,0,Yes,Na,TestAndRepair,Na
300,1429,$41,JIFFY LUBE NO.3732,2196 W 5400 So,TAYLORSVILLE,84129,801-964-6800,39,0,Yes,Na,TestAndRepair,Na
301,1432,$41,ALL ABOUT EMISSIONS,8610 S 700 E,SANDY,84070,801-666-6717,35,0,Na,Na,TestOnly,Na
302,1436,$37,MAIN STREET MUFFLER,3683 S MAIN ST,SALT LAKE CITY,84115,801-266-6565,35,0,Na,Na,TestAndRepair,Na
303,1439,$41,JIFFY LUBE NO.3740,3332 W South Jordan Pkwy,SOUTH JORDAN,84095,801-662-0679,39,0,Na,Na,TestAndRepair,Na
304,1440,$41,TIM DAHLE NISSAN,11155 SO JORDAN GTWY,SOUTH JORDAN,84095,801-495-3800,39,0,Na,Na,TestAndRepair,Na
305,1441,$37,TUNEX OF SOUTH JORDAN,1247 W SOUTH JORDAN PKWY,SOUTH JORDAN,84095,801-280-4424,37,0,Na,Na,TestAndRepair,Na
306,1442,$35,DEKRA SAFETY & EMISSIONS,7736 S STATE ST,MIDVALE,84047,801-255-6807,35,0,Na,Na,TestOnly,Na
307,1443,$38,DEKRA SAFETY & EMISSIONS,5983 S 900 E,MURRAY,84121,385-474-6424,35,0,Na,Na,TestOnly,Na
308,1444,$34,DEKRA SAFETY & EMISSIONS,865 S STATE ST,SALT LAKE CITY,84111,801-433-5000,35,0,Na,Na,TestOnly,Na
309,1446,$36,DEKRA SAFETY & EMISSIONS,1835 W 9000 S,WEST JORDAN,84088,801-987-8223,35,0,Na,Na,TestOnly,Na
310,1448,$30,SOUTHTOWNE MAZDA,10785 SO AUTOMALL DR,SANDY,84070,801-571-4299,30,0,Na,Na,TestAndRepair,Na
311,1450,$35,L.A. AUTO REPAIR (now Harris Automotive),315 E 3300 So,Salt Lake City,84115,801-467-0776,35,0,Na,Na,TestAndRepair,Na
312,1451,$22,DMV EMISSION & INSPECTION (now Rise Auto),4973 S REDWOOD RD,TAYLORSVILLE,84123,385-429-3115,Na,Na,Na,Na,Na,Na
313,1453,$35,HUNTER CASH SAVER,6809 W 3500 SO,WEST VALLEY,84128,801-250-5861,35,0,Na,Na,TestAndRepair,Na
314,1454,$21,MASTER MUFFLER,2284 W 12600 S,RIVERTON,84065,801-436-5659,20,0,Na,Na,TestAndRepair,Na
315,1458,$31,J & A ECONOMIC COMPLETE,7359 SO STATE ST,MIDVALE,84047,801-255-3000,30,0,Na,Na,TestAndRepair,Na
316,1461,$38,QUICK EMISSIONS,2570 W 4700 SO,TAYLORSVILLE,84129,801-840-2250,38,0,Na,Na,TestOnly,Na
317,1463,$35,CLIFF'S GARAGE,1489 SO MAJOR ST,SALT LAKE CITY,84115,801-359-4040,35,0,Na,Na,TestAndRepair,Na
318,1465,$15,IMAGE AUTO SALES,1308 W 7800 SO,WEST JORDAN,84088,801-565-8819,35,0,Na,Na,TestAndRepair,Na
319,1466,$34,MIDAS,6180 SO STATE ST,MURRAY,84107,801-266-8811,35,0,Na,Na,TestAndRepair,Na
320,1468,$20,MILLENIUM AUTO NETWORK,13203 SO MINUTEMAN DR,DRAPER,84020,801-619-4784,25,0,Na,Na,TestAndRepair,Na
321,1471,$21,UTAH AUTOMOTIVE,4100 SO STATE ST,SALT LAKE CITY,84107,801-262-4420,25,0,Na,Na,TestAndRepair,Na
322,1472,$24,QUALITY AUTOMOTIVE,740 W1700 SO #10,SALT LAKE CITY,84104,801-486-0653,35,0,Na,Na,TestAndRepair,Na
323,1473,$27,GUS SHOP,3092 S STATE ST,SALT LAKE CITY,84115,801-485-3031,27,0,Na,Na,TestAndRepair,Na
324,1475,$30,ADVANCED SVC AUTOMOTIVE,4485 W 3500 SO,WEST VALLEY,84120,801-968-5680,30,0,Na,Na,TestAndRepair,Na
325,1477,$22,ASE EMISSION & INSPECTION,150 W 4800 SO #4,MURRAY,84107,801-262-5981,30,0,Na,Na,TestAndRepair,Na
326,1478,$42,GREASE MONKEY,3668 W 11400 S,SOUTH JORDAN,84095,801-446-9653,40,0,Na,Na,TestAndRepair,Na
327,1480,$26,C B AUTO LLC,1661 W 900 S,SALT LAKE CITY,84104,801-532-0650,30,0,Na,Na,TestAndRepair,Na
328,1482,$26,SUPER EMISSIONS,2686 S 300 W,SALT LAKE CITY,84115,801-486-6649,28.07,28.07,Na,Na,TestAndRepair,5.2 Just Idle Test (OBD I)
329,1483,$25,NATE WADE SUBARU,555 W 1700 SO,SALT LAKE CITY,84115,801-355-7571,25,0,Na,Na,TestAndRepair,Na
330,1485,$37,DEKRA SAFETY & EMISSIONS,1754 W 12600 S,Riverton,84065,801-254-7682,35,0,Na,Na,TestOnly,Na
331,1486,$30,AUTO ZOKA LLC,3584 S 1950 W #9,WEST VALLEY,84119,801-599-2558,30,0,Na,Na,TestAndRepair,Na
332,1487,$32,HAVOLINE XPRESS LUBE,4689 W 12600 SO,RIVERTON,84065,801-254-2013,30,0,Na,Na,TestAndRepair,Na
333,1488,$28,KT AUTO REPAIR,321 W VINE ST,MURRAY,84107,801-266-3329,35,0,Na,Na,TestAndRepair,Na
334,1490,$25,TUNEX OF EAST SANDY,9225 S 700 E,SANDY,84070,801-566-2409,25,0,Na,Na,TestAndRepair,Na
335,1491,$39,BURT BROTHERS TIRE & SERV,1618 W 9000 So,West Jordan,84088,801-233-0500,39.5,0,Na,Na,TestAndRepair,Na
336,1492,$25,DAVINS AUTOMOTIVE LLC (now Terry's Auto Repair),328 W 800 So,Salt Lake City,84101,801-347-6485,Na,Na,Na,Na,Na,Na
337,1493,$50,INDEPENDENT TIRE INC,361 W Whitney Ave,Salt Lake City,84115,801-599-8036,Na,Na,Na,Na,Na,does not check emissions for passenger cars-only commercial trucks
338,1494,$26,JONES COMPLETE CAR CARE,4621 S 900 E,Salt Lake City,84117,801-269-0111,25,0,Na,Na,TestAndRepair,Na
339,1495,$42,MASTER LUBE,3480 S Redwood Rd,West Valley City,84119,801-666-4337,35,0,Na,Na,TestAndRepair,Na
340,1497,$30,ADDICTIVE BEHAVIOR MOTORW,454 So 500 W,Salt Lake City,84101,801-839-3999,30,0,Na,Na,TestAndRepair,Na
341,1499,$26,UNITECH AUTOMOTIVE,4671 W 3500 So #C,West Valley,84120,385-695-2388,25,0,Na,Na,TestAndRepair,9.95 addt'l for diesel engines
342,1500,$27,EMISSION CLINIC,775 S 300 W,Salt Lake City,84101,801-410-4544,35,0,Na,Na,TestAndRepair,Na
343,1502,$15,AMERICA'S AUTO,1665 N CHICAGO STREET,SALT LAKE CITY,84116,801-678-3727,Na,Na,Na,Na,Na,Na
344,1504,$35,MASTER MUFFLER,4118 W 3500 S,WEST VALLEY,84120,801-416-3972,35,0,Na,Na,TestAndRepair,Na
345,1505,$37,TUNEX OF RIVERTON,3901 W INNOVATION DR,RIVERTON,84065,801-446-4465,35,0,Na,Na,TestAndRepair,Na
346,1506,$25,D-R AUTO REPAIR,3020 W 500 S UNIT J,SALT LAKE CITY,84104,801-503-6078,25,0,Na,Na,TestAndRepair,Na
347,1509,$30,FAST LUBE PLUS,3669 S REDWOOD RD,WEST VALLEY CITY,84119,801-899-9645,35,0,Na,Na,TestAndRepair,Na
348,1510,$26,KEN GARFF HYUNDIA SOUTHTO,10770 So Auto Mall Dr,Sandy,84070,801-912-9930,25,0,Na,Na,TestAndRepair,Na
349,1511,$30,EMISSIONS & SAFETY,1287 W 12600 S,RIVERTON,84065,385-695-2428,30,0,Yes,10,TestAndRepair,Na
350,1513,$28,SHORTSTOP EMISSION & INSP,25 E MILLER AVE,SALT LAKE CITY,84115,801-859-1624,25,0,Yes,10,TestAndRepair,Na
351,1514,$30,SWENSONS SAFETY & EMISSIO,134 W 2700 So Unit B,Salt Lake City,84115,801-467-6120,30,0,Yes,10,TestAndRepair,Na
352,1515,$34,LANCER AUTOMOTIVE INC.,6205 S Highland Dr,Salt Lake City,84121,801-273-0664,33,0,No,NA,TestAndRepair,Na
353,1516,$33,LHM FORD LINCOLN DRAPER,11442 So Lone Peak Pkwy,Draper,84020,801-590-0561,33,0,No,NA,TestAndRepair,Na
354,1517,$34,ALTA VIEW TIRES & SERVICE,1190 E 9400 So,Sandy,84094,801-572-4400,37,0,No,NA,TestAndRepair,Na
355,1520,$20,5 SPEED AUTO LLC,4180 S State St #A,Salt Lake City,84107,801-688-1722,20,0,Yes,8,TestAndRepair,Na
356,1521,$42,JERRY SEINER KIA,1532 S 500 W,SALT LAKE CITY,84115,385-474-2419,35,0,No,NA,TestAndRepair,Na
357,1522,$35,PYRAMID AUTO SALES,4565 W 3500 S,WEST VALLEY CITY,84120,801-974-0898,39,0,Yes,17,TestAndRepair,Na
358,1523,$30,SALT LAKE MITSUBISHI,3734 S STATE ST,SALT LAKE CITY,84115,801-266-3734,30,0,No,NA,TestAndRepair,Na
359,1525,$27,HINCKLEY AUTOMOTIVE INC,4231 S STATE ST,SALT LAKE CITY,84107,801-484-8883,30,0,No,NA,TestAndRepair,Na
360,1526,$30,OQUIRRH TIRE SERVICE,5970 W DANNON WY,WEST JORDAN,84081,801-642-3650,30,0,No,NA,TestAndRepair,Na
361,1527,$38,CARBMASTER,8409 S OLD BINGHAM HWY,WEST JORDAN,84088,801-280-1011,38,0,No,NA,TestAndRepair,Na
362,1528,$39,BIG O TIRES,2002 E 3300 S,SALT LAKE CITY,84109,801-487-1028,40,0,No,NA,TestAndRepair,Na
363,1530,$27,BE AUTO SMART,7709 S REDWOOD RD,WEST JORDAN,84084,801-703-3464,35,0,Yes,10,TestAndRepair,Na
364,1531,$23,ISAAC'S AUTOMOTIVE,2722 S CONSTITUTION BLVD,WEST VALLEY CITY,84119,385-242-7179,25,0,Yes,10,TestAndRepair,Na
365,1532,$35,MASTER LUBE #30,4650 S CONSTITUTION BLVD,WEST VALLEY CITY,84129,385-399-9880,35,0,No,NA,TestAndRepair,Na
366,1535,$30,MERCEDES-BENZ OF DRAPER,11548 S LONE PEAK PKWY,DRAPER,84020,801-222-4400,31,0,No,NA,TestAndRepair,Na
367,1537,$20,KIMBALL PROPERTY MAINT,12717 S 125 E,DRAPER,84020,801-571-3351,NA,0,NA,NA,NA,Na
368,1538,$11,GARCIA AUTOMOTIVE,3994 S 300 W #64,MILLCREEK,84107,801-814-9812,NA,0,NA,NA,NA,Na
369,1540,$20,NEW LEVEL PERFORMANCE EX,208 W PARAMOUNT AVE,SALT LAKE CITY,84115,801-833-9341,20,0,Yes,10,TestAndRepair,Na
370,1541,$35,SUNBURST AUTOMOTIVE SVC,1760 S STATE ST,SALT LAKE CITY,84115,801-466-3333,35,0,NA,NA,TestAndRepair,Na
371,1543,$35,2 MECHANICS TRUCK & AUTO,1604 W 7800 S,WEST JORDAN,84088,801-561-1030,NA,0,NA,NA,NA,Na
372,1544,$17,TECH MOTORS,7930 S STATE ST,MIDVALE,84047,385-337-1820,30,0,No,NA,TestAndRepair,Na
373,1545,$40,JIFFY LUBE NO 3851,7087 S BINGHAM JUNCTION BLVD,MIDVALE,84047,801-260-5057,NA,0,NA,NA,NA,Na
374,1546,$25,QUALITY AUTO,3575 S WEST TEMPLE ST,SALT LAKE CITY,84115,CLOSED,Na,Na,Na,Na,Na,Na
375,1547,$34,MPG CAR CARE,9356 S STATE ST,SANDY,84070,801-878-4285,35,0,No,NA,TestAndRepair,Na
376,1548,$22,CURT'S CAR WASH,9251 S 1300 E,SANDY,84094,801-984-0202,29,0,No,NA,TestOnly,Na
377,1550,$30,K & S AUTOMOTIVE,4608 W 4100 S,WEST VALLEY CITY,84120,801-840-5000,25,0,Yes,10,TestAndRepair,Na
378,1551,$15,RUSH DIESEL & AUTOMOTIVE,7936 S STATE ST,MIDVALE,84047,801-565-3634,NA,0,NA,NA,NA,Na
379,1552,$28,EQUITY AUTO,2437 S 3270 W,WEST VALLEY CITY,84119,801-906-8486,40,0,Yes,10,TestAndRepair,Na
380,1553,$37,SUPERIOR AUTO REPAIR,3555 S 700 W #D,SALT LAKE CITY,84119,801-486-0905,38,0,Yes,10,TestAndRepair,Na
381,1554,$20,BIZ AUTO,3999 S MAIN ST NG,SALT LAKE CITY,84107,Na,Na,Na,Na,Na,Na,Na
382,1555,$20,ALLIANCE AUTO GROUP LLC,7291 S STATE ST UNIT 2,MIDVALE,84047,801-738-4444,24.95,0,Yes,10,TestAndRepair,Na
383,1557,$27,SANDY CITY CORP - FLEET,8775 S 700 W,SANDY,84070,801-568-2999,NA,0,NA,NA,NA,Na
384,1558,$30,AA AUTO REPAIR,4301 W 3500 S,WEST VALLEY CITY,84120,801-502-8079,NA,0,NA,NA,NA,Na
385,1559,$34,J & D AUTO REPAIR,634 W CENTER ST,MIDVALE,84047,801-808-9895,35,0,No,NA,TestAndRepair,Na
386,1561,$37,WARNER VANS OF UTAH,5396 W 2400 S,WEST VALLEY CITY,84120,801-956-2700,NA,0,NA,NA,NA,Na
387,1562,$30,VIOC DRAPER,603 E 12300 S,DRAPER,84020,801-523-3342,30,0,NA,NA,TestAndRepair,Na
388,1563,$75,INTEGRITY FIRST AUTOMOTIV,8020 S 1300 W,WEST JORDAN,84088,801-352-0986,75,0,Yes,10,TestAndRepair,Na
389,1565,$22,GOLDEN LAND AUTOMOTIVE,3845 S STATE ST,SOUTH SALT LAKE,84115,801-613-0240,27,0,Yes,8,TestAndRepair,Na
390,1566,$34,MAGNA AUTO & TIRE CENTER,8120 W 3500 S,MAGNA,84044,801-432-8201,35,0,Yes,10,TestAndRepair,Na
391,1567,$28,KEN GARFF WVF,4091 W 3500 S,WEST VALLEY CITY,84120,801-559-0314,28.5,0,No,NA,TestAndRepair,Na
392,1568,$39,GREASE MONKEY,214 E 13800 S,DRAPER,84020,801-542-0366,35,0,Yes,10,TestAndRepair,Na
393,1569,$37,GREASE MONKEY,2928 S GLEN EAGLE DR,WEST VALLEY CITY,84128,801-969-0094,38,0,Yes,5,TestAndRepair,Na
394,1570,$35,LHM USED CAR SUPERMARKET,200 W 9000 S,SANDY,84070,801-553-5350,35,0,No,NA,TestAndRepair,Na
395,1571,$39,D & V AUTO REPAIR INC,3495 S 8400 W,MAGNA,84044,801-250-5742,40,0,No,NA,TestAndRepair,Na
396,1572,$32,GERMAN AUTO SPECIALISTS,1372 W 7800 S,WEST JORDAN,84088,801-432-8790,35,0,No,NA,TestAndRepair,Na
397,1573,$27,WEST AUTO SALES,3777 S REDWOOD RD,WEST VALLEY CITY,84119,801-904-2809,30,0,No,NA,TestAndRepair,Na
398,1574,$42,BIG O TIRES,3557 S 5600 W,WEST VALLEY CITY,84120,801-967-6404,40,0,No,NA,TestAndRepair,Na
399,1575,$30,RIVERS AUTO SOLUTIONS LLC,1010 W MARGARET AVE,SALT LAKE CITY,84104,801-999-1025,30,0,Yes,10,TestAndRepair,Na
400,1576,$33,MAGNA AUTOMOTIVE CENTER,8840 W MAGNA MAIN ST,MAGNA,84044,801-250-1747,35,0,Yes,7.5,TestAndRepair,Na
401,1577,$46,HAVOLINE XPRESS LUBE,9492 S HIGHLAND DR,SANDY,84092,801-816-1966,46,0,No,NA,TestAndRepair,Na
402,1578,$30,MEINEKE OF MURRAY,4670 S 900 E,MURRAY,84117,801-452-7153,35,0,No,NA,TestAndRepair,Na
403,1579,$25,V and C Auto Repair,3406 S Redwood Rd.,West Valley City,84119,385-474-6400,30,0,Yes,10,TestAndRepair,Na
404,1580,$35,INTERMOUNTAIN LIFT TRUCK,2530 W 1500 S,SALT LAKE CITY,84104,801-685-2535,35,0,No,NA,TestAndRepair,Na
405,1581,$21,AFG AUTO REPAIR,4651 S 500 W #10,MURRAY,84123,801-915-4502,25,0,Yes,10,TestAndRepair,Na
406,1582,$28,BLUE PISTON AUTO REPAIR,319 W VINE ST,MURRAY,84107,801-590-8311,30,0,Yes,10,TestAndRepair,Na
407,1583,$25,A & P PROMOBILE INC.,2212 S W TEMPLE #28,SALT LAKE CITY,84115,801-699-4089,30,0,Yes,10,TestAndRepair,Na
408,1584,$36,BB EMISSIONS,4832 S MURRAY BLVD,MURRAY,84123,801-641-6786,40,0,Yes,5,TestAndRepair,Na
409,1585,$39,TUNEX OF COTTONWOOD,6955 S GREENFIELD WAY,COTTONWOOD HEIGHTS,84121,801-943-3383,40,0,No,NA,TestAndRepair,Na
410,1586,$10,POLANCO SERVICES,3999 S MAIN STREET #6,MILLCREEK,84107,NA,NA,0,NA,NA,NA,Na
411,1587,$20,CARZONE AUTO CARE,1999 W 3500 S,WEST VALLEY CITY,84119,385-229-4838,NA,0,NA,NA,NA,Na
412,1588,$27,PATAGONIA AUTO SALES,377 W 5900 S,MURRAY,84107,801-419-0582,30,0,No,NA,TestAndRepair,Na
413,1589,$21,TJ CHAPMAN AUTO,2021 N REDWOOD RD #B,NORTH SALT LAKE,84116,801-456-9710,25,0,Yes,10,TestAndRepair,Na
414,1590,$35,CERTIFIED AUTOMOTIVE,3361 S WEST TEMPLE,SALT LAKE CITY,84115,801-484-0121,35,0,Yes,10,TestAndRepair,Na
415,1591,$15,BLUE STAR INSPECTIONS,640 W 7250 S,MIDVALE,84047,801-903-1701,NA,0,NA,NA,NA,Na
416,1592,$25,GUS PAULOS CHEVY,4050 W 3500 S,WEST VALLEY CITY,84120,801-758-8387,27,0,No,NA,TestAndRepair,Na
417,1593,$21,DANIEL'S EMISSIONS,79 W FREMONT AVE,SALT LAKE CITY,84101,801-450-8807,25,0,Yes,15,TestOnly,Na
418,1594,$31,FULTON AUTOMOTIVE,2755 E 3300 S,MILLCREEK,84109,801-466-4777,31,0,Yes,10,TestAndRepair,Na
419,1595,$31,CHAVEZ AUTO SALES,1520 S PIONEER RD,SALT LAKE CITY,84104,801-973-0078,31,0,No,NA,TestAndRepair,Na
420,1596,$34,BURT BROTHERS TIRE & SERV,204 E 300 S,SALT LAKE CITY,84111,801-363-6741,35,0,No,NA,TestAndRepair,Na
421,1597,$25,EL GARAGE AUTO SERVICE,5419 S 4015 W,TAYLORSVILLE,84129,801-836-0288,25,0,No,NA,TestAndRepair,Na
422,1598,$35,JEFFREY P DAVIS AUTOMOTIV,4707 S COMMERCE DR,MURRAY,84107,801-263-2002,35,0,No,NA,TestAndRepair,Na
423,1599,$31,BIG O TIRES,4646 S 900 E,SALT LAKE CITY,84117,801-262-4626,35,0,Yes,5,TestAndRepair,Na
424,1600,$34,EMISSIONS PLUS,1699 W NORTH TEMPLE ST,SALT LAKE CITY,84116,801-364-0215,35,0,Yes,10,TestAndRepair,Na
425,1601,$50,VALVOLINE INSTANT OIL,1065 E 9400 S,SANDY,84094,801-566-5188,50,0,No,NA,TestAndRepair,Na
426,4011,$27,KENWORTH SALES CO. INC.,2125 CONSTITUTION BLVD,WEST VALLEY,84119,801-487-4161,29,0,No,NA,TestAndRepair,Na
427,4013,$60,PRECISION TRUCK & TRAILER,1220 SO PIONEER RD,SALT LAKE CITY,84104,801-977-0891,60,0,No,NA,TestAndRepair,Na
428,4014,$93,UNITED DIESEL SERVICE INC,1905 SO PIONEER RD,SALT LAKE CITY,84104,801-972-2378,93,0,No,NA,TestAndRepair,Na
429,4021,$15,RYDER TRUCK RENTAL,3444 W DIRECTORS ROW,SALT LAKE CITY,84104,801-887-2200,Na,0,NA,NA,TestAndRepair,Na
430,4025,$40,FREIGHTLINER OF UTAH,2240 S 5370 W,WEST VALLEY CITY,84120,801-978-8000,45,0,NA,NA,TestAndRepair,Na
431,4044,$41,COMMERCIAL TRUCKS SALES &,2466 S 2570 W,WEST VALLEY,84119,801-974-5252,41,0,No,NA,TestAndRepair,Na
432,4045,$40,SEAGULL DIESEL REPAIR INC,2223 N REDWOOD RD,SALT LAKE CITY,84116,801-532-2846,40,0,Yes,10,TestAndRepair,Na
433,4053,$48,TIRE WORLD TRUCK CENTER,431 W 1500 SO,SALT LAKE CITY,84115,801-485-1940,50,0,NA,NA,TestAndRepair,Na
434,4055,$35,RUSH INTERNATIONAL TRUCK,964 SOUTH 3800 WEST,SALT LAKE CITY,84104,801-972-5320,37,0,NA,NA,TestAndRepair,Na
435,4056,$40,PETE'S DIESEL,5701 W 700 SO,SALT LAKE CITY,84104,801-973-6780,40,0,NA,NA,TestAndRepair,Na
,,,,,,,,,,,,,